sensor,x_gt,y_gt,vx_gt,vy_gt,yaw_gt,yawdot_gt,px,py,vx,vy,yaw,yawdot,NIS
L,0.6000,0.6000,5.1999,0.0000,0.0000,0.0069,0.3122,0.3122,0.0000,0.0000,0.0000,0.0000,0.0000
R,0.8600,0.6000,5.1997,0.0018,0.0003,0.0138,0.6214,0.3620,3.4911,0.0000,0.0000,-0.0000,0.8485
L,1.1200,0.6002,5.1994,0.0054,0.0010,0.0207,1.1343,0.4714,7.3001,0.1906,0.0261,0.2411,0.7616
R,1.3800,0.6006,5.1990,0.0108,0.0021,0.0276,1.2656,0.5247,6.2096,1.6257,0.2561,1.6639,1.7260
L,1.6399,0.6013,5.1984,0.0180,0.0035,0.0345,1.6053,0.6231,6.6500,1.9712,0.2882,1.3938,0.2331
R,1.8998,0.6025,5.1977,0.0269,0.0052,0.0414,1.8232,0.5638,5.7926,0.5306,0.0913,0.3034,1.3209
L,2.1597,0.6041,5.1968,0.0377,0.0073,0.0483,2.1341,0.6133,5.8349,0.7541,0.1285,0.3919,0.2865
R,2.4195,0.6063,5.1957,0.0502,0.0097,0.0552,2.3297,0.6468,5.2363,0.9664,0.1825,0.4818,3.4629
L,2.6793,0.6092,5.1945,0.0646,0.0124,0.0621,2.6056,0.6874,5.2596,0.9897,0.1860,0.4083,0.1773
R,2.9390,0.6128,5.1931,0.0807,0.0155,0.0689,2.8760,0.6747,5.2919,0.6506,0.1223,0.1276,0.5859
L,3.1987,0.6173,5.1915,0.0985,0.0190,0.0758,3.1122,0.6887,5.2622,0.6018,0.1139,0.0789,0.7220
R,3.4583,0.6227,5.1896,0.1182,0.0228,0.0826,3.4065,0.5804,5.3181,-0.2743,-0.0515,-0.4218,3.0047
L,3.7177,0.6291,5.1875,0.1396,0.0269,0.0895,3.7173,0.4789,5.3086,-0.9468,-0.1765,-0.7044,3.6230
R,3.9771,0.6367,5.1852,0.1627,0.0314,0.0963,3.9947,0.5512,5.4123,-0.4056,-0.0748,-0.3390,2.8916
L,4.2363,0.6454,5.1826,0.1876,0.0362,0.1031,4.2711,0.5441,5.4166,-0.4221,-0.0778,-0.3054,0.1545
R,4.4954,0.6555,5.1796,0.2142,0.0413,0.1098,4.5298,0.5759,5.3691,-0.2512,-0.0468,-0.2082,1.2341
L,4.7544,0.6669,5.1763,0.2426,0.0468,0.1166,4.7167,0.6826,5.2305,0.2628,0.0502,0.0077,10.4804
R,5.0132,0.6798,5.1727,0.2726,0.0527,0.1233,4.9699,0.6765,5.1735,0.1748,0.0338,-0.0252,1.9702
L,5.2717,0.6942,5.1687,0.3044,0.0588,0.1301,5.2757,0.6678,5.2406,0.0872,0.0166,-0.0524,3.1818
R,5.5301,0.7103,5.1642,0.3379,0.0653,0.1368,5.5348,0.6736,5.2693,0.0895,0.0170,-0.0468,1.5572
L,5.7883,0.7281,5.1593,0.3730,0.0722,0.1435,5.8325,0.6847,5.3137,0.0952,0.0179,-0.0406,1.9238
R,6.0462,0.7476,5.1539,0.4098,0.0793,0.1501,6.0767,0.6097,5.2391,-0.1973,-0.0376,-0.1255,3.8916
L,6.3038,0.7691,5.1480,0.4482,0.0868,0.1568,6.3341,0.7184,5.2258,0.1655,0.0317,-0.0126,3.5850
R,6.5611,0.7925,5.1416,0.4883,0.0947,0.1634,6.5852,0.7478,5.1843,0.2261,0.0436,0.0051,0.5949
L,6.8181,0.8180,5.1345,0.5300,0.1029,0.1700,6.8351,0.7448,5.1753,0.1854,0.0358,-0.0060,0.2066
R,7.0747,0.8456,5.1268,0.5733,0.1114,0.1765,7.0793,0.7266,5.0945,0.0992,0.0195,-0.0275,3.1519
L,7.3309,0.8754,5.1185,0.6181,0.1202,0.1831,7.3011,0.8081,5.0429,0.3056,0.0605,0.0263,2.9242
R,7.5867,0.9074,5.1095,0.6645,0.1293,0.1896,7.5930,0.8188,5.1471,0.3023,0.0587,0.0225,4.4106
L,7.8420,0.9419,5.0997,0.7125,0.1388,0.1960,7.8449,0.7978,5.1446,0.2136,0.0415,0.0007,0.4799
R,8.0968,0.9788,5.0891,0.7619,0.1486,0.2025,8.0953,0.8137,5.0864,0.2229,0.0438,0.0030,2.5051
L,8.3511,1.0181,5.0777,0.8128,0.1587,0.2089,8.3341,0.8311,5.0660,0.2400,0.0473,0.0069,0.3945
R,8.6047,1.0601,5.0654,0.8652,0.1692,0.2153,8.6027,0.9142,5.1422,0.4184,0.0812,0.0442,6.9572
L,8.8578,1.1047,5.0522,0.9190,0.1799,0.2216,8.8413,0.9719,5.1109,0.5160,0.1006,0.0628,0.8649
R,9.1101,1.1521,5.0380,0.9742,0.1910,0.2279,9.1305,1.0078,5.1629,0.5546,0.1070,0.0661,6.8122
L,9.3617,1.2022,5.0228,1.0308,0.2024,0.2342,9.3686,1.0419,5.1342,0.5856,0.1136,0.0696,0.6688
R,9.6125,1.2552,5.0066,1.0887,0.2141,0.2404,9.6480,1.1090,5.1720,0.6880,0.1322,0.0850,4.6658
L,9.8625,1.3112,4.9892,1.1479,0.2261,0.2466,9.9224,1.2326,5.1693,0.9036,0.1731,0.1220,3.6606
R,10.1117,1.3701,4.9707,1.2084,0.2385,0.2528,10.1726,1.3134,5.0892,1.0030,0.1946,0.1381,5.1053
L,10.3598,1.4321,4.9511,1.2701,0.2511,0.2589,10.3989,1.3956,5.0367,1.1021,0.2154,0.1522,1.4472
R,10.6069,1.4972,4.9301,1.3330,0.2641,0.2650,10.6329,1.4705,4.9284,1.1685,0.2328,0.1629,4.3684
L,10.8530,1.5655,4.9079,1.3970,0.2773,0.2710,10.8586,1.5102,4.8971,1.1688,0.2343,0.1566,1.0323
R,11.0979,1.6370,4.8844,1.4621,0.2909,0.2770,11.1239,1.5591,4.9339,1.1888,0.2364,0.1506,1.7366
L,11.3416,1.7118,4.8595,1.5283,0.3047,0.2829,11.4022,1.6137,4.9688,1.2146,0.2398,0.1462,1.7795
R,11.5840,1.7899,4.8331,1.5955,0.3189,0.2888,11.6343,1.6675,4.9143,1.2320,0.2456,0.1453,0.8635
L,11.8251,1.8714,4.8053,1.6637,0.3333,0.2947,11.8643,1.7366,4.8835,1.2808,0.2565,0.1489,0.3898
R,12.0647,1.9564,4.7760,1.7327,0.3480,0.3005,12.1206,1.8207,4.9188,1.3595,0.2696,0.1539,1.4997
L,12.3029,2.0448,4.7451,1.8027,0.3631,0.3063,12.3620,1.8604,4.9091,1.3409,0.2666,0.1435,0.4385
R,12.5394,2.1368,4.7126,1.8734,0.3784,0.3120,12.6174,1.9212,4.9480,1.3673,0.2696,0.1387,0.8776
L,12.7743,2.2323,4.6784,1.9448,0.3940,0.3177,12.8197,2.0491,4.8652,1.5165,0.3022,0.1641,3.7810
R,13.0075,2.3314,4.6426,2.0170,0.4099,0.3233,13.0868,2.1508,4.9284,1.6130,0.3163,0.1687,3.6032
L,13.2388,2.4341,4.6050,2.0898,0.4260,0.3288,13.2918,2.2882,4.8436,1.7631,0.3491,0.1929,3.1506
R,13.4682,2.5405,4.5656,2.1632,0.4425,0.3344,13.4766,2.4146,4.6736,1.8673,0.3801,0.2163,11.6814
L,13.6955,2.6505,4.5245,2.2370,0.4592,0.3398,13.7254,2.5387,4.6647,1.9736,0.4003,0.2253,1.0638
R,13.9208,2.7643,4.4815,2.3113,0.4762,0.3452,13.9470,2.6433,4.6107,2.0316,0.4150,0.2294,0.3344
L,14.1439,2.8818,4.4366,2.3860,0.4934,0.3506,14.1762,2.8006,4.5671,2.1866,0.4465,0.2490,1.2835
R,14.3646,3.0030,4.3897,2.4610,0.5110,0.3559,14.4256,2.9084,4.6116,2.2467,0.4533,0.2416,1.2499
L,14.5830,3.1280,4.3410,2.5362,0.5288,0.3611,14.6295,2.9955,4.5581,2.2523,0.4589,0.2355,1.8949
R,14.7989,3.2568,4.2902,2.6116,0.5468,0.3663,14.8625,3.1404,4.5593,2.3716,0.4796,0.2429,4.1127
L,15.0122,3.3893,4.2374,2.6870,0.5651,0.3714,15.0717,3.3323,4.4774,2.5633,0.5200,0.2706,2.0386
R,15.2228,3.5256,4.1826,2.7625,0.5837,0.3765,15.2864,3.4866,4.3911,2.6631,0.5452,0.2837,2.9711
L,15.4306,3.6657,4.1257,2.8379,0.6025,0.3815,15.5002,3.6796,4.3205,2.8343,0.5806,0.3044,1.4054
R,15.6355,3.8096,4.0668,2.9131,0.6216,0.3865,15.7125,3.8096,4.2734,2.8734,0.5920,0.3010,0.7728
L,15.8375,3.9572,4.0057,2.9882,0.6409,0.3913,15.9313,3.9659,4.2338,2.9579,0.6098,0.3037,0.1797
R,16.0363,4.1085,3.9425,3.0629,0.6605,0.3962,16.1299,4.1203,4.1225,3.0183,0.6320,0.3136,1.9698
L,16.2319,4.2636,3.8772,3.1372,0.6803,0.4009,16.3270,4.3215,4.0418,3.1719,0.6654,0.3308,0.9448
R,16.4242,4.4224,3.8097,3.2111,0.7003,0.4056,16.5377,4.4818,4.0061,3.2393,0.6800,0.3285,0.5465
L,16.6130,4.5849,3.7400,3.2844,0.7206,0.4103,16.7142,4.6589,3.9142,3.3297,0.7049,0.3369,0.6680
R,16.7983,4.7510,3.6682,3.3570,0.7411,0.4148,16.8732,4.8380,3.7176,3.3876,0.7390,0.3604,5.1445
L,16.9799,4.9208,3.5942,3.4290,0.7619,0.4193,17.0383,5.0681,3.5996,3.5579,0.7796,0.3822,1.4008
R,17.1579,5.0941,3.5180,3.5001,0.7828,0.4238,17.2096,5.2330,3.5056,3.5923,0.7976,0.3833,1.6436
L,17.3319,5.2709,3.4396,3.5703,0.8040,0.4282,17.3668,5.4244,3.4078,3.6763,0.8233,0.3897,0.3318
R,17.5019,5.4513,3.3591,3.6395,0.8254,0.4325,17.5243,5.5890,3.3012,3.6953,0.8417,0.3915,3.1590
L,17.6679,5.6351,3.2764,3.7076,0.8471,0.4367,17.7106,5.7296,3.2829,3.6807,0.8425,0.3735,1.0267
R,17.8297,5.8222,3.1915,3.7746,0.8689,0.4409,17.8571,5.9193,3.1487,3.7325,0.8700,0.3859,1.3601
L,17.9872,6.0127,3.1045,3.8403,0.8909,0.4450,18.0282,6.1185,3.0939,3.8117,0.8890,0.3854,0.6384
R,18.1402,6.2064,3.0154,3.9046,0.9132,0.4490,18.1791,6.3217,3.0076,3.8878,0.9124,0.3898,0.7907
L,18.2888,6.4033,2.9242,3.9675,0.9356,0.4529,18.3016,6.5615,2.8719,4.0201,0.9505,0.4076,1.0588
R,18.4328,6.6033,2.8309,4.0289,0.9583,0.4568,18.4353,6.7700,2.7592,4.0814,0.9763,0.4146,0.4023
L,18.5720,6.8064,2.7356,4.0887,0.9811,0.4606,18.5774,6.9200,2.7101,4.0452,0.9805,0.3991,1.5740
R,18.7064,7.0124,2.6383,4.1467,1.0042,0.4644,18.7253,7.1265,2.6703,4.1128,0.9949,0.3912,0.5455
L,18.8359,7.2212,2.5389,4.2030,1.0274,0.4680,18.9136,7.2786,2.6991,4.0706,0.9853,0.3634,3.5798
R,18.9604,7.4328,2.4377,4.2574,1.0508,0.4716,19.0056,7.4779,2.5204,4.0901,1.0185,0.3832,4.1495
L,19.0798,7.6471,2.3345,4.3098,1.0744,0.4752,19.0994,7.7381,2.3718,4.2276,1.0595,0.4038,1.5171
R,19.1939,7.8640,2.2295,4.3602,1.0981,0.4786,19.2196,7.9452,2.2989,4.2680,1.0767,0.4004,0.2344
L,19.3028,8.0833,2.1227,4.4084,1.1221,0.4820,19.2991,8.1628,2.1610,4.3182,1.1068,0.4100,1.5348
R,19.4062,8.3050,2.0141,4.4544,1.1462,0.4853,19.3976,8.3736,2.0802,4.3601,1.1256,0.4063,2.2655
L,19.5042,8.5289,1.9038,4.4982,1.1704,0.4885,19.4886,8.5284,2.0038,4.2984,1.1346,0.3958,3.7580
R,19.5966,8.7549,1.7919,4.5396,1.1948,0.4916,19.5803,8.7364,1.8990,4.3173,1.1564,0.3997,0.5684
L,19.6835,8.9830,1.6784,4.5785,1.2194,0.4947,19.7352,8.9184,1.9216,4.2982,1.1504,0.3752,4.0290
R,19.7645,9.2129,1.5634,4.6149,1.2442,0.4977,19.8110,9.1380,1.7863,4.3254,1.1791,0.3883,1.0016
L,19.8398,9.4446,1.4470,4.6487,1.2690,0.5006,19.9384,9.3661,1.7595,4.3762,1.1885,0.3788,2.9585
R,19.9093,9.6779,1.3292,4.6798,1.2941,0.5034,19.9884,9.5835,1.5798,4.3801,1.2246,0.4014,2.7881
L,19.9728,9.9128,1.2100,4.7083,1.3192,0.5061,20.0755,9.8239,1.4989,4.4435,1.2455,0.4021,0.7336
R,20.0303,10.1489,1.0897,4.7339,1.3445,0.5088,20.1367,10.0711,1.3928,4.5183,1.2718,0.4058,7.1557
L,20.0818,10.3863,0.9683,4.7567,1.3700,0.5114,20.1869,10.3418,1.2535,4.6137,1.3055,0.4183,1.0006
R,20.1271,10.6247,0.8457,4.7765,1.3956,0.5139,20.2083,10.5716,1.0593,4.6125,1.3451,0.4421,3.3276
L,20.1663,10.8640,0.7223,4.7934,1.4212,0.5163,20.2669,10.8463,0.9490,4.7020,1.3716,0.4460,2.0435
R,20.1993,11.1041,0.5979,4.8073,1.4471,0.5186,20.2969,11.1000,0.8136,4.7504,1.4012,0.4522,4.9660
L,20.2261,11.3449,0.4727,4.8181,1.4730,0.5209,20.3307,11.3414,0.6976,4.7728,1.4257,0.4539,0.0149
R,20.2466,11.5861,0.3469,4.8257,1.4990,0.5231,20.2873,11.5802,0.3964,4.7314,1.4872,0.5038,12.1771
L,20.2608,11.8275,0.2204,4.8303,1.5252,0.5252,20.3552,11.8275,0.3540,4.7622,1.4966,0.4891,4.2064
R,20.2687,12.0692,0.0935,4.8316,1.5515,0.5272,20.3767,12.0625,0.2858,4.7892,1.5112,0.4727,3.1690
L,20.2701,12.3108,-0.0339,4.8297,1.5778,0.5291,20.3645,12.3508,0.1110,4.8647,1.5480,0.4843,1.3663
R,20.2652,12.5522,-0.1615,4.8245,1.6043,0.5310,20.3210,12.5842,-0.1298,4.8084,1.5978,0.5192,4.1885
L,20.2540,12.7933,-0.2894,4.8161,1.6308,0.5327,20.3433,12.8287,-0.2044,4.8147,1.6132,0.5095,1.4761
R,20.2363,13.0339,-0.4173,4.8043,1.6574,0.5344,20.3310,13.0579,-0.3346,4.7811,1.6407,0.5147,2.1823
L,20.2122,13.2738,-0.5453,4.7892,1.6842,0.5360,20.2959,13.2748,-0.4723,4.7366,1.6702,0.5184,1.1296
R,20.1818,13.5129,-0.6731,4.7707,1.7110,0.5375,20.2572,13.5075,-0.6104,4.7172,1.6995,0.5209,1.3102
L,20.1449,13.7509,-0.8008,4.7489,1.7378,0.5389,20.2347,13.7695,-0.7265,4.7406,1.7229,0.5182,1.1878
R,20.1017,13.9878,-0.9280,4.7237,1.7648,0.5403,20.1806,13.9948,-0.8881,4.6859,1.7581,0.5318,1.1366
L,20.0521,14.2233,-1.0549,4.6952,1.7918,0.5415,20.1244,14.2529,-1.0370,4.6946,1.7882,0.5347,0.4080
R,19.9962,14.4573,-1.1812,4.6633,1.8189,0.5427,20.0530,14.4800,-1.1895,4.6492,1.8213,0.5414,1.5200
L,19.9340,14.6897,-1.3069,4.6280,1.8460,0.5438,19.9451,14.7369,-1.3999,4.6419,1.8637,0.5549,1.6258
R,19.8655,14.9202,-1.4318,4.5894,1.8732,0.5448,19.8768,14.9537,-1.4992,4.5934,1.8863,0.5464,3.2101
L,19.7908,15.1486,-1.5558,4.5475,1.9004,0.5457,19.8419,15.1744,-1.5507,4.5491,1.8993,0.5338,1.7982
R,19.7099,15.3749,-1.6789,4.5023,1.9277,0.5465,19.7160,15.3841,-1.8146,4.4049,1.9616,0.5878,9.0508
L,19.6229,15.5989,-1.8008,4.4537,1.9550,0.5472,19.6836,15.5761,-1.8341,4.3263,1.9718,0.5711,3.0170
R,19.5298,15.8203,-1.9216,4.4019,1.9824,0.5479,19.5890,15.7799,-1.9532,4.2555,2.0011,0.5723,1.3043
L,19.4307,16.0390,-2.0411,4.3469,2.0098,0.5484,19.4845,15.9958,-2.0819,4.2037,2.0307,0.5730,0.0174
R,19.3257,16.2549,-2.1592,4.2887,2.0372,0.5489,19.3811,16.2024,-2.1757,4.1571,2.0530,0.5615,1.5916
L,19.2148,16.4679,-2.2759,4.2273,2.0647,0.5493,19.2705,16.3819,-2.2801,4.0559,2.0829,0.5635,0.7142
R,19.0981,16.6777,-2.3909,4.1628,2.0921,0.5496,19.1527,16.5778,-2.3989,3.9772,2.1135,0.5676,0.3029
L,18.9757,16.8841,-2.5042,4.0953,2.1196,0.5498,19.0210,16.7895,-2.5303,3.9265,2.1432,0.5686,0.1615
R,18.8477,17.0872,-2.6157,4.0248,2.1471,0.5500,18.8667,16.9831,-2.7301,3.7982,2.1940,0.6047,7.1841
L,18.7142,17.2866,-2.7253,3.9513,2.1746,0.5500,18.6928,17.2202,-2.9168,3.7749,2.2287,0.6078,1.9289
R,18.5752,17.4822,-2.8330,3.8749,2.2021,0.5500,18.5852,17.4207,-2.9113,3.7686,2.2286,0.5623,5.5105
L,18.4309,17.6740,-2.9386,3.7957,2.2296,0.5498,18.3708,17.6137,-3.1235,3.6754,2.2752,0.5781,4.1409
R,18.2814,17.8617,-3.0420,3.7137,2.2571,0.5496,18.2332,17.8023,-3.1604,3.6348,2.2865,0.5507,2.5627
L,18.1268,18.0453,-3.1432,3.6291,2.2846,0.5493,18.0977,17.9876,-3.2215,3.5621,2.3060,0.5437,0.8450
R,17.9671,18.2246,-3.2420,3.5418,2.3120,0.5489,17.9237,18.1444,-3.3444,3.4255,2.3442,0.5592,1.7975
L,17.8026,18.3994,-3.3385,3.4520,2.3395,0.5484,17.7900,18.2866,-3.3749,3.3010,2.3673,0.5555,1.0215
R,17.6334,18.5697,-3.4325,3.3597,2.3669,0.5479,17.6560,18.4663,-3.3985,3.2551,2.3777,0.5354,6.7889
L,17.4595,18.7353,-3.5239,3.2651,2.3943,0.5472,17.4591,18.6472,-3.5287,3.1873,2.4070,0.5371,0.5244
R,17.2810,18.8962,-3.6127,3.1682,2.4217,0.5465,17.2797,18.7895,-3.6158,3.0636,2.4387,0.5435,1.6481
L,17.0983,19.0521,-3.6988,3.0690,2.4490,0.5457,17.1164,18.9255,-3.6633,2.9473,2.4641,0.5423,0.3043
R,16.9113,19.2030,-3.7822,2.9678,2.4763,0.5448,16.9489,19.0949,-3.7100,2.9007,2.4780,0.5263,3.2248
L,16.7201,19.3488,-3.8628,2.8646,2.5035,0.5438,16.7311,19.2107,-3.8239,2.7540,2.5174,0.5378,2.6270
R,16.5251,19.4894,-3.9405,2.7594,2.5307,0.5427,16.5414,19.3643,-3.8989,2.6773,2.5399,0.5344,3.2378
L,16.3262,19.6246,-4.0153,2.6524,2.5578,0.5415,16.3149,19.5248,-4.0231,2.6087,2.5663,0.5335,0.8982
R,16.1237,19.7545,-4.0872,2.5436,2.5849,0.5403,16.0936,19.6106,-4.1191,2.4171,2.6109,0.5540,9.9177
L,15.9176,19.8789,-4.1560,2.4333,2.6119,0.5389,15.8871,19.7540,-4.1906,2.3413,2.6321,0.5481,0.7954
R,15.7082,19.9978,-4.2218,2.3214,2.6389,0.5375,15.6984,19.8760,-4.1897,2.2791,2.6434,0.5224,3.4980
L,15.4956,20.1110,-4.2846,2.2081,2.6657,0.5360,15.4659,20.0276,-4.2916,2.2259,2.6631,0.5162,1.4411
R,15.2799,20.2185,-4.3443,2.0935,2.6925,0.5344,15.2549,20.1688,-4.3370,2.1808,2.6757,0.4999,5.9514
L,15.0613,20.3203,-4.4008,1.9776,2.7193,0.5327,15.0646,20.2982,-4.3539,2.1142,2.6895,0.4903,2.0227
R,14.8400,20.4162,-4.4542,1.8607,2.7459,0.5310,14.8355,20.3831,-4.4193,1.9711,2.7221,0.4989,1.9231
L,14.6161,20.5063,-4.5044,1.7427,2.7724,0.5291,14.6187,20.5009,-4.4650,1.8959,2.7401,0.4927,0.7357
R,14.3897,20.5904,-4.5515,1.6239,2.7989,0.5272,14.3827,20.5904,-4.5385,1.7643,2.7708,0.5024,1.1188
L,14.1611,20.6686,-4.5954,1.5042,2.8253,0.5252,14.1362,20.6651,-4.6064,1.6285,2.8018,0.5073,0.6533
R,13.9304,20.7408,-4.6361,1.3839,2.8515,0.5231,13.8992,20.7383,-4.6640,1.4872,2.8329,0.5166,0.3280
L,13.6977,20.8070,-4.6736,1.2629,2.8777,0.5209,13.6255,20.8034,-4.7583,1.3463,2.8659,0.5223,1.6628
R,13.4632,20.8671,-4.7079,1.1415,2.9037,0.5186,13.3762,20.8383,-4.8258,1.1335,2.9109,0.5500,2.5996
L,13.2271,20.9211,-4.7390,1.0197,2.9296,0.5163,13.1312,20.8814,-4.8561,0.9833,2.9418,0.5530,0.1725
R,12.9895,20.9690,-4.7670,0.8977,2.9555,0.5139,12.8976,20.9393,-4.8720,0.8695,2.9650,0.5495,1.7450
L,12.7506,21.0108,-4.7919,0.7755,2.9812,0.5114,12.6992,20.9837,-4.8281,0.7532,2.9868,0.5453,1.9609
R,12.5106,21.0465,-4.8136,0.6532,3.0067,0.5088,12.4447,21.0248,-4.8742,0.6204,3.0150,0.5482,2.6041
L,12.2695,21.0761,-4.8322,0.5309,3.0322,0.5061,12.1992,21.0628,-4.8952,0.5025,3.0393,0.5454,0.1224
R,12.0276,21.0996,-4.8477,0.4088,3.0575,0.5034,11.9585,21.0834,-4.9094,0.3544,3.0695,0.5517,1.0621
L,11.7850,21.1170,-4.8602,0.2869,3.0826,0.5006,11.7168,21.0569,-4.8962,0.1552,3.1099,0.5633,2.0330
R,11.5418,21.1283,-4.8697,0.1653,3.1077,0.4977,11.4670,21.0445,-4.9041,-0.0174,3.1451,0.5714,1.1855
L,11.2982,21.1335,-4.8762,0.0441,3.1325,0.4947,11.2531,21.0387,-4.8552,-0.1529,3.1731,0.5716,0.7273
R,11.0544,21.1327,-4.8798,-0.0766,3.1573,0.4916,10.9955,21.0018,-4.8652,-0.3430,3.2120,0.5824,4.2959
L,10.8105,21.1259,-4.8805,-0.1966,3.1819,0.4885,10.7871,20.9649,-4.7953,-0.5023,3.2460,0.5877,0.7223
R,10.5666,21.1131,-4.8784,-0.3160,3.2063,0.4853,10.5402,20.9595,-4.7752,-0.5719,3.2608,0.5656,5.1537
L,10.3229,21.0943,-4.8735,-0.4347,3.2305,0.4820,10.2622,20.9832,-4.8385,-0.6257,3.2702,0.5474,3.1903
R,10.0795,21.0697,-4.8658,-0.5525,3.2546,0.4786,10.0241,20.9636,-4.8177,-0.7287,3.2917,0.5411,1.0012
L,9.8366,21.0391,-4.8555,-0.6693,3.2786,0.4752,9.8312,20.9238,-4.7253,-0.8527,3.3201,0.5435,1.6977
R,9.5942,21.0028,-4.8426,-0.7852,3.3023,0.4716,9.6029,20.9093,-4.6732,-0.8849,3.3287,0.5166,2.5388
L,9.3526,20.9607,-4.8271,-0.9000,3.3259,0.4680,9.4095,20.8566,-4.5872,-1.0096,3.3582,0.5209,0.9877
R,9.1118,20.9128,-4.8092,-1.0136,3.3493,0.4644,9.1904,20.8145,-4.5489,-1.1094,3.3808,0.5178,1.4786
L,8.8719,20.8594,-4.7888,-1.1260,3.3725,0.4606,8.8982,20.7799,-4.6269,-1.1961,3.3946,0.5053,2.3799
R,8.6331,20.8003,-4.7661,-1.2372,3.3956,0.4568,8.6845,20.7020,-4.5642,-1.3361,3.4264,0.5118,4.3387
L,8.3956,20.7358,-4.7411,-1.3470,3.4184,0.4529,8.4073,20.6176,-4.5987,-1.4802,3.4530,0.5116,2.8061
R,8.1593,20.6657,-4.7139,-1.4554,3.4411,0.4490,8.1799,20.5382,-4.5580,-1.6050,3.4802,0.5138,0.0479
L,7.9244,20.5903,-4.6845,-1.5624,3.4635,0.4450,7.9369,20.4574,-4.5411,-1.7194,3.5035,0.5113,0.1536
R,7.6911,20.5096,-4.6531,-1.6678,3.4858,0.4409,7.7204,20.3728,-4.4942,-1.8503,3.5321,0.5186,3.3830
L,7.4594,20.4237,-4.6198,-1.7717,3.5078,0.4367,7.4134,20.3116,-4.5894,-1.9171,3.5373,0.4981,3.6893
R,7.2294,20.3326,-4.5845,-1.8740,3.5296,0.4325,7.1840,20.2146,-4.5380,-2.0170,3.5598,0.4938,0.2722
L,7.0012,20.2364,-4.5474,-1.9746,3.5513,0.4282,6.9192,20.1303,-4.5566,-2.0989,3.5732,0.4829,0.8444
R,6.7749,20.1352,-4.5085,-2.0736,3.5727,0.4238,6.6978,20.0376,-4.4963,-2.1682,3.5909,0.4743,0.6255
L,6.5506,20.0292,-4.4680,-2.1708,3.5939,0.4193,6.4489,19.9452,-4.4917,-2.2452,3.6051,0.4653,0.4907
R,6.3283,19.9183,-4.4260,-2.2663,3.6148,0.4148,6.2355,19.8511,-4.4291,-2.3113,3.6226,0.4594,2.9471
L,6.1082,19.8027,-4.3824,-2.3599,3.6356,0.4103,5.9718,19.7563,-4.4541,-2.3759,3.6316,0.4461,1.0797
R,5.8903,19.6824,-4.3374,-2.4518,3.6561,0.4056,5.7409,19.6137,-4.4163,-2.5361,3.6629,0.4587,1.6889
L,5.6747,19.5577,-4.2911,-2.5418,3.6764,0.4009,5.5614,19.4924,-4.2959,-2.6241,3.6899,0.4632,1.3097
R,5.4615,19.4284,-4.2436,-2.6299,3.6964,0.3962,5.3597,19.3447,-4.2111,-2.7497,3.7200,0.4705,1.6592
L,5.2506,19.2948,-4.1949,-2.7162,3.7162,0.3913,5.1462,19.2427,-4.1688,-2.7906,3.7315,0.4598,2.0759
R,5.0422,19.1570,-4.1451,-2.8006,3.7358,0.3865,4.9594,19.1290,-4.0712,-2.8110,3.7459,0.4475,4.7762
L,4.8363,19.0150,-4.0943,-2.8830,3.7551,0.3815,4.7928,18.9803,-3.9474,-2.9092,3.7767,0.4558,0.5872
R,4.6330,18.8689,-4.0426,-2.9636,3.7742,0.3765,4.5839,18.8310,-3.9073,-3.0197,3.7995,0.4583,1.4993
L,4.4322,18.7188,-3.9901,-3.0422,3.7930,0.3714,4.4051,18.7001,-3.8221,-3.0752,3.8191,0.4558,1.1480
R,4.2342,18.5648,-3.9369,-3.1189,3.8116,0.3663,4.2270,18.5566,-3.7277,-3.1130,3.8374,0.4476,1.3689
L,4.0388,18.4071,-3.8829,-3.1936,3.8299,0.3611,4.0978,18.4042,-3.5680,-3.1854,3.8704,0.4585,1.8936
R,3.8461,18.2457,-3.8284,-3.2664,3.8479,0.3559,3.9075,18.2346,-3.5356,-3.3495,3.9000,0.4737,7.3435
L,3.6561,18.0807,-3.7734,-3.3373,3.8657,0.3506,3.6566,18.0907,-3.5938,-3.3974,3.8989,0.4496,2.7450
R,3.4689,17.9122,-3.7179,-3.4063,3.8833,0.3452,3.4981,17.9387,-3.4820,-3.4105,3.9166,0.4407,3.3853
L,3.2845,17.7402,-3.6622,-3.4733,3.9005,0.3398,3.2727,17.7703,-3.4978,-3.4807,3.9245,0.4267,1.3312
R,3.1029,17.5650,-3.6061,-3.5384,3.9175,0.3344,3.0898,17.5885,-3.4465,-3.6026,3.9491,0.4346,2.3730
L,2.9241,17.3866,-3.5498,-3.6017,3.9342,0.3288,2.9135,17.4695,-3.4023,-3.5848,3.9531,0.4188,6.3176
R,2.7480,17.2051,-3.4934,-3.6630,3.9507,0.3233,2.7615,17.2574,-3.2969,-3.7558,3.9920,0.4423,3.1300
L,2.5749,17.0205,-3.4370,-3.7225,3.9668,0.3177,2.5861,17.0720,-3.2369,-3.8220,4.0097,0.4381,0.0741
R,2.4045,16.8330,-3.3806,-3.7801,3.9827,0.3120,2.4281,16.9036,-3.1478,-3.8017,4.0208,0.4218,2.0501
L,2.2369,16.6427,-3.3243,-3.8360,3.9983,0.3063,2.2642,16.7313,-3.0892,-3.8399,4.0349,0.4154,0.5597
R,2.0722,16.4497,-3.2681,-3.8900,4.0136,0.3005,2.0955,16.5342,-3.0292,-3.8725,4.0486,0.4043,5.0434
L,1.9103,16.2540,-3.2122,-3.9422,4.0287,0.2947,1.9367,16.3051,-2.9542,-3.9815,4.0740,0.4085,2.1927
R,1.7511,16.0557,-3.1566,-3.9926,4.0434,0.2888,1.7875,16.1273,-2.8802,-3.9711,4.0849,0.3957,1.1782
L,1.5947,15.8549,-3.1013,-4.0413,4.0578,0.2829,1.5869,15.9563,-2.9148,-3.9862,4.0810,0.3731,2.1326
R,1.4411,15.6517,-3.0464,-4.0883,4.0720,0.2770,1.4529,15.7284,-2.8189,-4.1237,4.1128,0.3902,1.7675
L,1.2902,15.4463,-2.9921,-4.1336,4.0858,0.2710,1.2800,15.5100,-2.7956,-4.1934,4.1244,0.3822,0.8909
R,1.1420,15.2386,-2.9383,-4.1773,4.0994,0.2650,1.1295,15.3163,-2.7420,-4.2038,4.1344,0.3718,1.1228
L,0.9965,15.0288,-2.8850,-4.2193,4.1126,0.2589,0.9206,15.0959,-2.7954,-4.2646,4.1322,0.3513,2.7728
R,0.8536,14.8169,-2.8325,-4.2598,4.1256,0.2528,0.7845,14.9144,-2.7230,-4.2199,4.1393,0.3368,2.8276
L,0.7133,14.6030,-2.7806,-4.2986,4.1382,0.2466,0.6744,14.7013,-2.6069,-4.2673,4.1640,0.3443,0.2439
R,0.5756,14.3872,-2.7295,-4.3360,4.1506,0.2404,0.5574,14.4626,-2.5069,-4.3803,4.1926,0.3585,1.4881
L,0.4405,14.1696,-2.6792,-4.3718,4.1626,0.2342,0.3842,14.2395,-2.5191,-4.4295,4.1953,0.3436,1.1149
R,0.3078,13.9502,-2.6298,-4.4062,4.1743,0.2279,0.2559,13.9897,-2.4444,-4.5733,4.2215,0.3583,2.9348
L,0.1775,13.7292,-2.5813,-4.4391,4.1857,0.2216,0.2273,13.7450,-2.1850,-4.6322,4.2716,0.3893,3.5297
R,0.0497,13.5065,-2.5338,-4.4706,4.1968,0.2153,0.1193,13.5027,-2.0946,-4.7249,4.2951,0.3963,1.0684
L,-0.0758,13.2823,-2.4873,-4.5008,4.2075,0.2089,-0.0415,13.2708,-2.1131,-4.7628,4.2948,0.3767,1.3837
R,-0.1990,13.0566,-2.4418,-4.5296,4.2180,0.2025,-0.1553,13.0518,-2.0485,-4.7369,4.3042,0.3645,1.1033
L,-0.3199,12.8295,-2.3974,-4.5570,4.2281,0.1960,-0.1716,12.8288,-1.8085,-4.7463,4.3483,0.3902,3.4436
R,-0.4387,12.6011,-2.3541,-4.5833,4.2379,0.1896,-0.2841,12.6024,-1.7633,-4.7170,4.3547,0.3734,3.3909
L,-0.5553,12.3714,-2.3120,-4.6082,4.2474,0.1831,-0.3998,12.3662,-1.7307,-4.7515,4.3631,0.3633,0.3630
R,-0.6698,12.1404,-2.2711,-4.6320,4.2565,0.1765,-0.5138,12.1568,-1.7073,-4.7138,4.3649,0.3452,3.9086
L,-0.7823,11.9083,-2.2314,-4.6546,4.2653,0.1700,-0.5936,11.9378,-1.6232,-4.7192,4.3811,0.3445,0.5355
R,-0.8929,11.6751,-2.1930,-4.6760,4.2738,0.1634,-0.7094,11.7092,-1.6127,-4.7163,4.3829,0.3276,3.0111
L,-1.0016,11.4409,-2.1559,-4.6963,4.2820,0.1568,-0.8938,11.4627,-1.7336,-4.7588,4.3630,0.2918,4.9610
R,-1.1085,11.2057,-2.1202,-4.7155,4.2899,0.1501,-0.9851,11.2384,-1.6827,-4.7014,4.3687,0.2774,3.3446
L,-1.2136,10.9695,-2.0858,-4.7336,4.2974,0.1435,-1.1563,11.0083,-1.7869,-4.7164,4.3502,0.2459,3.4794
R,-1.3171,10.7324,-2.0527,-4.7508,4.3045,0.1368,-1.2401,10.7649,-1.7166,-4.7795,4.3676,0.2539,0.8498
L,-1.4189,10.4945,-2.0211,-4.7669,4.3114,0.1301,-1.3714,10.5094,-1.7444,-4.8228,4.3653,0.2390,1.3824
R,-1.5192,10.2559,-1.9909,-4.7820,4.3179,0.1233,-1.4611,10.2490,-1.6883,-4.8931,4.3801,0.2440,1.1660
L,-1.6180,10.0165,-1.9622,-4.7962,4.3240,0.1166,-1.5623,10.0378,-1.6687,-4.8681,4.3822,0.2346,2.2565
R,-1.7154,9.7764,-1.9350,-4.8094,4.3299,0.1098,-1.6466,9.8100,-1.6217,-4.8421,4.3892,0.2278,0.6765
L,-1.8115,9.5356,-1.9092,-4.8217,4.3354,0.1031,-1.7268,9.5891,-1.5698,-4.8313,4.3982,0.2259,0.8087
R,-1.9063,9.2943,-1.8850,-4.8332,4.3405,0.0963,-1.8353,9.3386,-1.5713,-4.8841,4.4011,0.2198,2.7630
L,-2.0000,9.0524,-1.8623,-4.8437,4.3453,0.0895,-1.9234,9.0458,-1.5332,-4.9671,4.4130,0.2200,3.9826
R,-2.0926,8.8100,-1.8412,-4.8535,4.3498,0.0826,-2.0047,8.8245,-1.5013,-4.9098,4.4156,0.2082,2.0674
L,-2.1841,8.5672,-1.8216,-4.8624,4.3539,0.0758,-2.1041,8.5717,-1.4992,-4.9369,4.4176,0.1999,0.3690
R,-2.2747,8.3239,-1.8037,-4.8705,4.3577,0.0689,-2.2273,8.3191,-1.5490,-4.9517,4.4092,0.1807,3.4289
L,-2.3645,8.0802,-1.7873,-4.8778,4.3612,0.0621,-2.2811,8.0853,-1.4611,-4.9449,4.4251,0.1875,0.4836
R,-2.4535,7.8362,-1.7725,-4.8843,4.3643,0.0552,-2.3435,7.8741,-1.4039,-4.8902,4.4328,0.1843,5.4809
L,-2.5418,7.5918,-1.7593,-4.8901,4.3670,0.0483,-2.4576,7.6217,-1.4451,-4.9185,4.4266,0.1693,1.1614
R,-2.6294,7.3472,-1.7478,-4.8951,4.3695,0.0414,-2.6085,7.3893,-1.5773,-4.8554,4.3983,0.1258,7.1573
L,-2.7166,7.1024,-1.7379,-4.8993,4.3715,0.0345,-2.7146,7.1314,-1.6008,-4.8876,4.3959,0.1172,0.6648
R,-2.8033,6.8573,-1.7296,-4.9029,4.3732,0.0276,-2.7817,6.8986,-1.5441,-4.8904,4.4066,0.1236,1.2858
L,-2.8896,6.6121,-1.7230,-4.9057,4.3746,0.0207,-2.8282,6.6900,-1.4570,-4.8463,4.4203,0.1313,2.1101
R,-2.9756,6.3668,-1.7180,-4.9077,4.3757,0.0138,-2.8908,6.4699,-1.4293,-4.7695,4.4212,0.1180,4.1904
L,-3.0614,6.1214,-1.7146,-4.9091,4.3764,0.0069,-2.9489,6.2326,-1.3774,-4.7739,4.4315,0.1222,0.1237
R,-3.1471,5.8759,-1.7130,-4.9098,4.3767,-0.0000,-3.0667,5.9861,-1.4422,-4.8002,4.4205,0.1056,3.9876
L,-3.2327,5.6304,-1.7129,-4.9097,4.3767,-0.0069,-3.1516,5.7108,-1.4427,-4.8598,4.4238,0.1032,1.7647
R,-3.3184,5.3850,-1.7146,-4.9089,4.3764,-0.0138,-3.2592,5.4647,-1.5129,-4.8295,4.4088,0.0753,3.0484
L,-3.4042,5.1395,-1.7179,-4.9074,4.3757,-0.0207,-3.3560,5.2018,-1.5367,-4.8693,4.4067,0.0695,0.8248
R,-3.4903,4.8942,-1.7228,-4.9052,4.3746,-0.0276,-3.4293,4.9565,-1.5105,-4.8818,4.4123,0.0726,0.0256
L,-3.5766,4.6490,-1.7294,-4.9023,4.3732,-0.0345,-3.5438,4.6770,-1.5688,-4.9468,4.4053,0.0624,2.5831
R,-3.6633,4.4040,-1.7376,-4.8987,4.3715,-0.0414,-3.6546,4.4236,-1.6511,-4.9235,4.3888,0.0339,2.9928
L,-3.7504,4.1591,-1.7475,-4.8943,4.3695,-0.0483,-3.7859,4.1509,-1.7372,-4.9750,4.3764,0.0209,3.1578
R,-3.8381,3.9145,-1.7590,-4.8892,4.3670,-0.0552,-3.8723,3.9101,-1.7218,-4.9735,4.3791,0.0249,0.9702
L,-3.9263,3.6702,-1.7721,-4.8833,4.3643,-0.0621,-3.9442,3.6777,-1.6889,-4.9473,4.3834,0.0275,0.5172
R,-4.0153,3.4262,-1.7869,-4.8767,4.3612,-0.0689,-4.0474,3.4702,-1.7459,-4.8640,4.3678,0.0032,4.7263
L,-4.1051,3.1825,-1.8032,-4.8692,4.3577,-0.0758,-4.1373,3.2257,-1.7499,-4.8671,4.3672,0.0026,0.0122
R,-4.1957,2.9392,-1.8211,-4.8610,4.3539,-0.0826,-4.2561,2.9685,-1.8354,-4.8762,4.3524,-0.0187,1.3710
L,-4.2873,2.6963,-1.8406,-4.8520,4.3498,-0.0895,-4.3450,2.6952,-1.8362,-4.9229,4.3554,-0.0148,1.1454
R,-4.3798,2.4539,-1.8617,-4.8422,4.3453,-0.0963,-4.4352,2.4451,-1.8359,-4.9286,4.3558,-0.0134,0.0644
L,-4.4735,2.2120,-1.8844,-4.8315,4.3405,-0.1031,-4.5394,2.1807,-1.8603,-4.9613,4.3537,-0.0141,0.6977
R,-4.5684,1.9707,-1.9085,-4.8199,4.3354,-0.1098,-4.6502,1.9441,-1.9530,-4.9215,4.3346,-0.0453,4.7619
L,-4.6644,1.7300,-1.9342,-4.8075,4.3299,-0.1166,-4.7644,1.6713,-1.9909,-4.9682,4.3312,-0.0451,1.5515
R,-4.7619,1.4899,-1.9614,-4.7942,4.3240,-0.1233,-4.8898,1.4179,-2.0811,-4.9684,4.3157,-0.0650,1.0963
L,-4.8607,1.2505,-1.9901,-4.7799,4.3179,-0.1301,-4.9479,1.1856,-2.0225,-4.9242,4.3227,-0.0575,4.5865
R,-4.9609,1.0118,-2.0202,-4.7647,4.3114,-0.1368,-5.0450,0.9676,-2.0304,-4.8667,4.3171,-0.0608,1.1493
L,-5.0628,0.7739,-2.0517,-4.7485,4.3045,-0.1435,-5.1054,0.7372,-1.9816,-4.8297,4.3230,-0.0543,3.6447
R,-5.1662,0.5369,-2.0847,-4.7313,4.2974,-0.1501,-5.2009,0.4423,-2.0037,-4.9224,4.3258,-0.0519,5.0402
L,-5.2713,0.3007,-2.1191,-4.7130,4.2899,-0.1568,-5.2758,0.2036,-1.9779,-4.8999,4.3287,-0.0478,1.3552
R,-5.3782,0.0655,-2.1548,-4.6937,4.2820,-0.1634,-5.3856,-0.0356,-1.9779,-4.8838,4.3276,-0.0404,30.3563
L,-5.4869,-0.1688,-2.1918,-4.6733,4.2738,-0.1700,-5.4580,-0.2710,-1.9489,-4.8605,4.3311,-0.0364,1.4731
R,-5.5975,-0.4020,-2.2301,-4.6518,4.2653,-0.1765,-5.5763,-0.4577,-2.0172,-4.7577,4.3114,-0.0584,4.3359
L,-5.7100,-0.6341,-2.2697,-4.6292,4.2565,-0.1831,-5.7108,-0.6441,-2.0939,-4.6596,4.2901,-0.0778,3.3178
R,-5.8246,-0.8650,-2.3106,-4.6054,4.2474,-0.1896,-5.8236,-0.8781,-2.1809,-4.6681,4.2753,-0.0987,5.9402
L,-5.9412,-1.0947,-2.3526,-4.5803,4.2379,-0.1960,-5.9205,-1.1418,-2.1766,-4.7134,4.2798,-0.0883,0.9905
R,-6.0599,-1.3232,-2.3958,-4.5540,4.2281,-0.2025,-6.0110,-1.4077,-2.1667,-4.7625,4.2854,-0.0787,2.4221
L,-6.1809,-1.5503,-2.4401,-4.5265,4.2180,-0.2089,-6.1479,-1.6160,-2.2385,-4.6989,4.2678,-0.0930,1.4930
R,-6.3041,-1.7759,-2.4855,-4.4976,4.2075,-0.2153,-6.2873,-1.8617,-2.3741,-4.7340,4.2475,-0.1194,4.7910
L,-6.4295,-2.0001,-2.5320,-4.4674,4.1968,-0.2216,-6.3946,-2.1073,-2.3803,-4.7381,4.2468,-0.1140,0.2123
R,-6.5574,-2.2228,-2.5795,-4.4359,4.1857,-0.2279,-6.5435,-2.3152,-2.4614,-4.6675,4.2271,-0.1285,3.5871
L,-6.6876,-2.4439,-2.6279,-4.4029,4.1743,-0.2342,-6.6916,-2.5243,-2.5369,-4.6043,4.2088,-0.1410,0.9227
R,-6.8203,-2.6632,-2.6772,-4.3685,4.1626,-0.2404,-6.8446,-2.7429,-2.6280,-4.5684,4.1904,-0.1545,1.6049
L,-6.9555,-2.8808,-2.7274,-4.3326,4.1506,-0.2466,-6.9420,-3.0026,-2.5981,-4.6127,4.1994,-0.1369,1.6797
R,-7.0932,-3.0966,-2.7784,-4.2952,4.1382,-0.2528,-7.0712,-3.2267,-2.6161,-4.5771,4.1931,-0.1349,0.2081
L,-7.2334,-3.3105,-2.8302,-4.2563,4.1256,-0.2589,-7.1961,-3.4201,-2.6485,-4.4988,4.1803,-0.1424,1.5906
R,-7.3763,-3.5224,-2.8827,-4.2159,4.1126,-0.2650,-7.3427,-3.6680,-2.6945,-4.5188,4.1747,-0.1399,4.3432
L,-7.5218,-3.7322,-2.9358,-4.1738,4.0994,-0.2710,-7.4976,-3.8108,-2.7828,-4.3498,4.1433,-0.1671,5.7213
R,-7.6700,-3.9399,-2.9895,-4.1301,4.0858,-0.2770,-7.6403,-4.0233,-2.8391,-4.3271,4.1317,-0.1720,0.5793
L,-7.8209,-4.1454,-3.0438,-4.0848,4.0720,-0.2829,-7.7978,-4.2467,-2.8971,-4.3117,4.1208,-0.1739,0.4917
R,-7.9746,-4.3485,-3.0986,-4.0378,4.0578,-0.2888,-7.9483,-4.4664,-2.9399,-4.2929,4.1119,-0.1738,0.3618
L,-8.1310,-4.5493,-3.1538,-3.9891,4.0434,-0.2947,-8.1137,-4.6988,-2.9995,-4.2940,4.1027,-0.1736,1.1573
R,-8.2901,-4.7476,-3.2093,-3.9386,4.0287,-0.3005,-8.2552,-4.8992,-2.9785,-4.2153,4.0973,-0.1663,2.4544
L,-8.4520,-4.9433,-3.2651,-3.8864,4.0136,-0.3063,-8.3922,-5.1121,-2.9926,-4.1990,4.0932,-0.1621,0.1755
R,-8.6168,-5.1364,-3.3212,-3.8324,3.9983,-0.3120,-8.5383,-5.2796,-2.9961,-4.0797,4.0790,-0.1661,4.0726
L,-8.7843,-5.3267,-3.3774,-3.7766,3.9827,-0.3177,-8.7289,-5.4781,-3.0940,-4.0343,4.0581,-0.1784,1.9276
R,-8.9547,-5.5142,-3.4338,-3.7190,3.9668,-0.3233,-8.8882,-5.6749,-3.1270,-3.9912,4.0478,-0.1791,0.3526
L,-9.1279,-5.6987,-3.4901,-3.6596,3.9507,-0.3288,-9.0471,-5.8588,-3.1694,-3.9374,4.0346,-0.1836,0.1836
R,-9.3039,-5.8803,-3.5464,-3.5982,3.9342,-0.3344,-9.1861,-6.0150,-3.1510,-3.8237,4.0231,-0.1846,6.2103
L,-9.4827,-6.0587,-3.6026,-3.5350,3.9175,-0.3398,-9.3596,-6.1234,-3.2265,-3.6531,3.9889,-0.2110,5.1667
R,-9.6643,-6.2339,-3.6586,-3.4699,3.9005,-0.3452,-9.5340,-6.3078,-3.2833,-3.6192,3.9756,-0.2136,0.9708
L,-9.8487,-6.4058,-3.7143,-3.4029,3.8833,-0.3506,-9.6808,-6.5079,-3.2899,-3.6238,3.9752,-0.2031,0.3456
R,-10.0359,-6.5743,-3.7697,-3.3340,3.8657,-0.3559,-9.8962,-6.6770,-3.4374,-3.5758,3.9467,-0.2229,7.3302
L,-10.2259,-6.7393,-3.8246,-3.2632,3.8479,-0.3611,-10.0998,-6.8407,-3.5277,-3.5017,3.9233,-0.2350,0.8696
R,-10.4186,-6.9008,-3.8791,-3.1905,3.8299,-0.3663,-10.2821,-7.0064,-3.5946,-3.4562,3.9074,-0.2400,1.1132
L,-10.6140,-7.0585,-3.9329,-3.1158,3.8116,-0.3714,-10.5129,-7.1852,-3.7127,-3.4038,3.8836,-0.2511,3.8410
R,-10.8121,-7.2124,-3.9861,-3.0392,3.7930,-0.3765,-10.7137,-7.3340,-3.7909,-3.3233,3.8614,-0.2613,2.1257
L,-11.0128,-7.3625,-4.0386,-2.9606,3.7742,-0.3815,-10.9608,-7.4948,-3.9228,-3.2403,3.8320,-0.2769,3.9246
R,-11.2161,-7.5086,-4.0902,-2.8802,3.7551,-0.3865,-11.1465,-7.6389,-3.9364,-3.1512,3.8167,-0.2783,1.2894
L,-11.4220,-7.6506,-4.1409,-2.7978,3.7358,-0.3913,-11.3035,-7.7841,-3.9189,-3.0957,3.8102,-0.2716,2.8970
R,-11.6304,-7.7885,-4.1907,-2.7135,3.7162,-0.3962,-11.4956,-7.9158,-3.9485,-3.0011,3.7915,-0.2768,1.9109
L,-11.8413,-7.9221,-4.2393,-2.6273,3.6964,-0.4009,-11.6778,-8.0183,-3.9718,-2.8746,3.7681,-0.2870,3.2440
R,-12.0546,-8.0513,-4.2868,-2.5392,3.6764,-0.4056,-11.8672,-8.1365,-3.9600,-2.7521,3.7489,-0.2916,1.8928
L,-12.2702,-8.1761,-4.3331,-2.4493,3.6561,-0.4103,-12.0829,-8.2273,-4.0294,-2.6105,3.7165,-0.3096,1.1464
R,-12.4881,-8.2963,-4.3780,-2.3576,3.6356,-0.4148,-12.3067,-8.3604,-4.1506,-2.5799,3.6977,-0.3126,2.8371
L,-12.7082,-8.4119,-4.4216,-2.2640,3.6148,-0.4193,-12.5126,-8.4394,-4.1909,-2.4331,3.6676,-0.3273,2.1827
R,-12.9304,-8.5228,-4.4636,-2.1686,3.5939,-0.4238,-12.7127,-8.5339,-4.1806,-2.3010,3.6447,-0.3343,1.8898
L,-13.1547,-8.6289,-4.5041,-2.0715,3.5727,-0.4282,-12.9926,-8.6224,-4.3223,-2.1557,3.6042,-0.3570,4.8902
R,-13.3810,-8.7300,-4.5429,-1.9727,3.5513,-0.4325,-13.2375,-8.7295,-4.4252,-2.0826,3.5815,-0.3610,2.9619
L,-13.6092,-8.8262,-4.5800,-1.8721,3.5296,-0.4367,-13.4621,-8.7743,-4.4674,-1.9011,3.5439,-0.3805,2.5175
R,-13.8392,-8.9173,-4.6152,-1.7700,3.5078,-0.4409,-13.6695,-8.8292,-4.4300,-1.7271,3.5133,-0.3938,4.2150
L,-14.0709,-9.0032,-4.6486,-1.6662,3.4858,-0.4450,-13.9059,-8.9259,-4.4837,-1.6546,3.4951,-0.3920,0.6528
R,-14.3043,-9.0840,-4.6800,-1.5609,3.4635,-0.4490,-14.1564,-9.0191,-4.6027,-1.6077,3.4776,-0.3877,2.8812
L,-14.5391,-9.1594,-4.7094,-1.4540,3.4411,-0.4529,-14.3886,-9.1169,-4.6347,-1.5529,3.4649,-0.3811,0.3525
R,-14.7754,-9.2294,-4.7366,-1.3457,3.4184,-0.4568,-14.6157,-9.1911,-4.6415,-1.4558,3.4455,-0.3821,0.2555
L,-15.0130,-9.2940,-4.7616,-1.2360,3.3956,-0.4606,-14.9017,-9.1930,-4.7445,-1.2182,3.3929,-0.4143,2.9654
R,-15.2517,-9.3530,-4.7844,-1.1250,3.3725,-0.4644,-15.1589,-9.2681,-4.7987,-1.1415,3.3751,-0.4110,4.4225
L,-15.4916,-9.4065,-4.8048,-1.0127,3.3493,-0.4680,-15.4323,-9.3677,-4.8683,-1.1096,3.3657,-0.3995,4.9959
R,-15.7324,-9.4543,-4.8228,-0.8992,3.3259,-0.4716,-15.6718,-9.4039,-4.8380,-0.9571,3.3369,-0.4108,2.1916
L,-15.9741,-9.4964,-4.8383,-0.7845,3.3023,-0.4752,-15.9355,-9.4767,-4.8871,-0.8983,3.3234,-0.4037,1.9590
R,-16.2164,-9.5328,-4.8512,-0.6687,3.2786,-0.4786,-16.1834,-9.4934,-4.8819,-0.7363,3.2913,-0.4169,2.4721
L,-16.4594,-9.5633,-4.8616,-0.5520,3.2546,-0.4820,-16.4367,-9.4868,-4.9069,-0.5556,3.2543,-0.4324,0.8176
R,-16.7027,-9.5880,-4.8693,-0.4343,3.2305,-0.4853,-16.6515,-9.4930,-4.8503,-0.4161,3.2272,-0.4400,5.2588
L,-16.9464,-9.6067,-4.8743,-0.3158,3.2063,-0.4885,-16.9375,-9.4764,-4.9149,-0.2269,3.1877,-0.4563,1.8761
R,-17.1903,-9.6195,-4.8765,-0.1965,3.1819,-0.4916,-17.1916,-9.5289,-4.9559,-0.2034,3.1826,-0.4372,7.4948
L,-17.4342,-9.6264,-4.8758,-0.0765,3.1573,-0.4947,-17.4554,-9.5402,-4.9816,-0.0956,3.1608,-0.4370,0.4790
R,-17.6781,-9.6272,-4.8723,0.0441,3.1325,-0.4977,-17.7113,-9.5337,-4.9691,0.0429,3.1330,-0.4446,1.7530
L,-17.9216,-9.6219,-4.8659,0.1652,3.1077,-0.5006,-17.9678,-9.4998,-4.9751,0.2103,3.0994,-0.4554,0.3637
R,-18.1648,-9.6106,-4.8565,0.2866,3.0826,-0.5034,-18.2091,-9.4689,-4.9293,0.3660,3.0675,-0.4670,0.8541
L,-18.4074,-9.5933,-4.8441,0.4085,3.0575,-0.5061,-18.4157,-9.5011,-4.8724,0.3683,3.0661,-0.4464,1.8933
R,-18.6493,-9.5698,-4.8286,0.5305,3.0322,-0.5088,-18.6523,-9.4863,-4.8759,0.4535,3.0489,-0.4395,1.6740
L,-18.8904,-9.5402,-4.8101,0.6527,3.0067,-0.5114,-18.9026,-9.4724,-4.8755,0.5419,3.0309,-0.4357,0.2400
R,-19.1305,-9.5045,-4.7885,0.7749,2.9812,-0.5139,-19.1329,-9.4342,-4.8608,0.6519,3.0083,-0.4348,3.9791
L,-19.3694,-9.4626,-4.7638,0.8971,2.9555,-0.5163,-19.3780,-9.3218,-4.8376,0.8990,2.9579,-0.4620,3.2509
R,-19.6069,-9.4147,-4.7359,1.0191,2.9296,-0.5186,-19.6093,-9.2530,-4.7696,1.0575,2.9234,-0.4763,1.2778
L,-19.8431,-9.3607,-4.7049,1.1408,2.9037,-0.5209,-19.8627,-9.1330,-4.7497,1.2935,2.8757,-0.4987,1.7602
R,-20.0775,-9.3006,-4.6707,1.2622,2.8777,-0.5231,-20.0984,-9.0369,-4.7056,1.4641,2.8400,-0.5092,5.1813
L,-20.3102,-9.2345,-4.6333,1.3830,2.8515,-0.5252,-20.2754,-9.1405,-4.6261,1.2405,2.8796,-0.4487,13.7696
R,-20.5409,-9.1623,-4.5927,1.5033,2.8253,-0.5272,-20.5150,-9.0946,-4.6262,1.3077,2.8661,-0.4384,1.5727
L,-20.7696,-9.0841,-4.5490,1.6230,2.7989,-0.5291,-20.7364,-9.0003,-4.5802,1.4535,2.8343,-0.4478,0.7137
R,-20.9959,-8.9999,-4.5020,1.7418,2.7724,-0.5310,-20.9786,-8.9201,-4.5569,1.5714,2.8095,-0.4510,2.4545
L,-21.2198,-8.9099,-4.4519,1.8597,2.7459,-0.5327,-21.1749,-8.8499,-4.4813,1.6457,2.7896,-0.4487,1.2835
R,-21.4412,-8.8139,-4.3986,1.9767,2.7193,-0.5344,-21.4082,-8.7632,-4.4434,1.7564,2.7652,-0.4524,1.9144
L,-21.6597,-8.7122,-4.3422,2.0925,2.6925,-0.5360,-21.6010,-8.7318,-4.3753,1.7448,2.7621,-0.4343,1.7901
R,-21.8754,-8.6047,-4.2827,2.2071,2.6657,-0.5375,-21.7916,-8.6005,-4.2309,1.9227,2.7151,-0.4667,6.6190
L,-22.0881,-8.4914,-4.2201,2.3204,2.6389,-0.5389,-21.9956,-8.5214,-4.1807,1.9853,2.6983,-0.4607,0.1678
R,-22.2975,-8.3726,-4.1544,2.4323,2.6119,-0.5403,-22.2049,-8.4129,-4.1548,2.0879,2.6759,-0.4570,1.9321
L,-22.5035,-8.2482,-4.0856,2.5427,2.5849,-0.5415,-22.4367,-8.3126,-4.1419,2.1773,2.6576,-0.4526,1.2126
R,-22.7061,-8.1183,-4.0139,2.6515,2.5578,-0.5427,-22.6275,-8.1991,-4.0536,2.2754,2.6301,-0.4599,0.9550
L,-22.9049,-7.9830,-3.9392,2.7585,2.5307,-0.5438,-22.8672,-7.9669,-4.0188,2.5824,2.5705,-0.4934,6.2064
R,-23.1000,-7.8424,-3.8616,2.8637,2.5035,-0.5448,-23.0569,-7.8253,-3.8822,2.7115,2.5319,-0.5157,4.0860
L,-23.2911,-7.6966,-3.7812,2.9670,2.4763,-0.5457,-23.2883,-7.6474,-3.8497,2.8916,2.4974,-0.5233,2.3654
R,-23.4781,-7.5457,-3.6979,3.0683,2.4490,-0.5465,-23.4865,-7.5039,-3.8152,2.9784,2.4788,-0.5110,1.3538
L,-23.6609,-7.3898,-3.6119,3.1675,2.4217,-0.5472,-23.6542,-7.3585,-3.7113,3.0592,2.4522,-0.5121,0.6782
R,-23.8393,-7.2290,-3.5232,3.2645,2.3943,-0.5479,-23.8441,-7.1982,-3.6471,3.1616,2.4274,-0.5098,0.8494
L,-24.0132,-7.0634,-3.4319,3.3592,2.3669,-0.5484,-24.0054,-7.1003,-3.5601,3.1410,2.4186,-0.4951,1.8618
R,-24.1825,-6.8931,-3.3380,3.4515,2.3395,-0.5489,-24.1731,-6.9214,-3.4449,3.2643,2.3831,-0.5083,2.1295
L,-24.3470,-6.7182,-3.2417,3.5414,2.3120,-0.5493,-24.3375,-6.6718,-3.3220,3.4937,2.3310,-0.5321,3.6787
R,-24.5066,-6.5390,-3.1429,3.6287,2.2846,-0.5496,-24.5042,-6.4975,-3.2033,3.5839,2.3002,-0.5418,3.6390
L,-24.6612,-6.3554,-3.0418,3.7135,2.2571,-0.5498,-24.6041,-6.3563,-3.0402,3.5874,2.2738,-0.5419,5.3095
R,-24.8107,-6.1676,-2.9385,3.7955,2.2296,-0.5500,-24.7439,-6.1688,-2.9192,3.6775,2.2417,-0.5479,0.4022
L,-24.9550,-5.9759,-2.8330,3.8748,2.2021,-0.5500,-24.9278,-5.9611,-2.8659,3.8025,2.2167,-0.5453,2.6296
R,-25.0940,-5.7802,-2.7254,3.9513,2.1746,-0.5500,-25.0577,-5.7576,-2.7425,3.8959,2.1842,-0.5498,1.9312
L,-25.2276,-5.5808,-2.6158,4.0249,2.1471,-0.5498,-25.1910,-5.5829,-2.6412,3.9333,2.1621,-0.5451,0.2241
R,-25.3556,-5.3778,-2.5043,4.0956,2.1196,-0.5496,-25.3417,-5.3953,-2.5956,3.9858,2.1480,-0.5273,1.1403
L,-25.4779,-5.1713,-2.3911,4.1632,2.0921,-0.5493,-25.4857,-5.1686,-2.5047,4.0989,2.1193,-0.5290,0.6608
R,-25.5946,-4.9615,-2.2761,4.2278,2.0647,-0.5489,-25.6149,-4.9895,-2.4538,4.1134,2.1087,-0.5066,6.4506
L,-25.7055,-4.7486,-2.1596,4.2893,2.0372,-0.5484,-25.7273,-4.8139,-2.3482,4.1212,2.0887,-0.5022,0.5066
R,-25.8105,-4.5327,-2.0415,4.3476,2.0098,-0.5479,-25.8481,-4.6077,-2.2698,4.1757,2.0687,-0.4940,0.3398
L,-25.9096,-4.3139,-1.9220,4.4028,1.9824,-0.5472,-25.9593,-4.3632,-2.1551,4.2865,2.0367,-0.5002,0.5652
R,-26.0027,-4.0925,-1.8012,4.4547,1.9550,-0.5465,-26.0713,-4.1440,-2.0025,4.3529,2.0020,-0.5209,10.8022
L,-26.0897,-3.8686,-1.6793,4.5034,1.9277,-0.5457,-26.1635,-3.8604,-1.8567,4.5067,1.9616,-0.5332,2.1124
R,-26.1706,-3.6423,-1.5562,4.5487,1.9004,-0.5448,-26.2398,-3.6255,-1.6592,4.5718,1.9189,-0.5596,3.7322
L,-26.2453,-3.4138,-1.4322,4.5908,1.8732,-0.5438,-26.2717,-3.3594,-1.4444,4.6622,1.8712,-0.5771,4.6674
R,-26.3138,-3.1833,-1.3073,4.6295,1.8460,-0.5427,-26.3219,-3.1156,-1.2450,4.7162,1.8289,-0.5967,0.9143
L,-26.3760,-2.9510,-1.1816,4.6649,1.8189,-0.5415,-26.3491,-2.8802,-1.0578,4.7405,1.7903,-0.6047,1.6056
R,-26.4319,-2.7170,-1.0553,4.6970,1.7918,-0.5403,-26.4050,-2.6522,-0.9294,4.7570,1.7637,-0.6012,1.2555
L,-26.4815,-2.4814,-0.9284,4.7256,1.7648,-0.5389,-26.4808,-2.4965,-0.8669,4.6634,1.7546,-0.5838,5.4363
R,-26.5247,-2.2446,-0.8011,4.7509,1.7378,-0.5375,-26.5336,-2.2608,-0.7653,4.6917,1.7325,-0.5734,0.8026
L,-26.5616,-2.0065,-0.6734,4.7728,1.7110,-0.5360,-26.5833,-2.0634,-0.6650,4.6572,1.7126,-0.5661,1.1045
R,-26.5921,-1.7674,-0.5456,4.7914,1.6842,-0.5344,-26.6126,-1.8273,-0.5529,4.6768,1.6885,-0.5570,1.9533
L,-26.6161,-1.5275,-0.4176,4.8066,1.6574,-0.5327,-26.6112,-1.5779,-0.3795,4.7074,1.6512,-0.5652,1.2124
R,-26.6338,-1.2869,-0.2895,4.8185,1.6308,-0.5310,-26.6098,-1.3474,-0.1972,4.7054,1.6127,-0.5807,1.7899
L,-26.6451,-1.0459,-0.1616,4.8271,1.6043,-0.5291,-26.6137,-1.1200,-0.0594,4.6964,1.5835,-0.5811,0.0411
R,-26.6500,-0.8044,-0.0339,4.8324,1.5778,-0.5272,-26.6411,-0.8952,0.0274,4.6884,1.5650,-0.5705,5.0352
L,-26.6485,-0.5628,0.0935,4.8344,1.5515,-0.5252,-26.6514,-0.6441,0.1438,4.7156,1.5403,-0.5668,0.5123
R,-26.6406,-0.3212,0.2206,4.8332,1.5252,-0.5231,-26.6399,-0.4016,0.3083,4.7215,1.5056,-0.5790,2.3073
L,-26.6264,-0.0797,0.3471,4.8287,1.4990,-0.5209,-26.5956,-0.1079,0.5019,4.7915,1.4664,-0.5871,2.7232
R,-26.6059,0.1615,0.4730,4.8212,1.4730,-0.5186,-26.5757,0.1321,0.6422,4.7795,1.4372,-0.5901,2.7622
L,-26.5792,0.4022,0.5983,4.8104,1.4471,-0.5163,-26.5519,0.4233,0.7812,4.8426,1.4109,-0.5863,1.6356
R,-26.5462,0.6423,0.7227,4.7967,1.4212,-0.5139,-26.5371,0.6602,0.8504,4.8187,1.3961,-0.5669,1.7194
L,-26.5069,0.8817,0.8463,4.7799,1.3956,-0.5114,-26.5272,0.9410,0.9414,4.8655,1.3797,-0.5557,2.9926
R,-26.4616,1.1201,0.9690,4.7601,1.3700,-0.5088,-26.4875,1.1972,1.0106,4.8616,1.3658,-0.5307,7.5305
L,-26.4101,1.3575,1.0905,4.7374,1.3445,-0.5061,-26.4284,1.4352,1.1465,4.8249,1.3375,-0.5324,0.0566
R,-26.3526,1.5936,1.2110,4.7118,1.3192,-0.5034,-26.3895,1.6524,1.2058,4.7633,1.3229,-0.5151,8.7087
L,-26.2891,1.8284,1.3302,4.6834,1.2941,-0.5006,-26.3318,1.8647,1.3141,4.6938,1.2978,-0.5149,0.3476
R,-26.2197,2.0617,1.4481,4.6524,1.2690,-0.4977,-26.2656,2.0957,1.4308,4.6549,1.2726,-0.5147,0.1642
L,-26.1444,2.2934,1.5647,4.6186,1.2442,-0.4947,-26.2012,2.2904,1.5268,4.5622,1.2478,-0.5144,0.7978
R,-26.0633,2.5234,1.6798,4.5822,1.2194,-0.4916,-26.1383,2.5158,1.5841,4.5239,1.2340,-0.4955,1.2581
L,-25.9765,2.7514,1.7934,4.5433,1.1948,-0.4885,-26.0570,2.7578,1.6982,4.5096,1.2107,-0.4940,0.1470
R,-25.8841,2.9775,1.9054,4.5020,1.1704,-0.4853,-25.9655,2.9821,1.8487,4.4635,1.1781,-0.5091,2.4335
L,-25.7861,3.2014,2.0158,4.4583,1.1462,-0.4820,-25.8627,3.2598,1.9850,4.4994,1.1553,-0.5059,1.5838
R,-25.6826,3.4231,2.1245,4.4123,1.1221,-0.4786,-25.7803,3.4886,2.0662,4.4621,1.1371,-0.4989,2.2329
L,-25.5737,3.6424,2.2315,4.3640,1.0981,-0.4752,-25.6740,3.6911,2.1735,4.3791,1.1101,-0.5010,0.1900
R,-25.4596,3.8592,2.3366,4.3137,1.0744,-0.4716,-25.5586,3.8992,2.2895,4.3070,1.0822,-0.5043,1.0720
L,-25.3402,4.0735,2.4399,4.2612,1.0508,-0.4680,-25.4905,4.0800,2.3183,4.2106,1.0675,-0.4958,3.9436
R,-25.2157,4.2851,2.5413,4.2069,1.0274,-0.4644,-25.3683,4.2822,2.4269,4.1401,1.0406,-0.4980,0.5688
L,-25.0863,4.4940,2.6407,4.1506,1.0042,-0.4606,-25.2095,4.5012,2.5834,4.0891,1.0073,-0.5049,1.9130
R,-24.9518,4.7000,2.7382,4.0925,0.9811,-0.4568,-25.0592,4.6965,2.6822,4.0077,0.9810,-0.4992,8.9233
L,-24.8126,4.9030,2.8336,4.0327,0.9583,-0.4529,-24.9404,4.8907,2.7546,3.9381,0.9604,-0.4955,0.4871
R,-24.6686,5.1030,2.9270,3.9713,0.9356,-0.4490,-24.7853,5.0817,2.8667,3.8580,0.9318,-0.4977,2.2590
L,-24.5201,5.2999,3.0183,3.9084,0.9132,-0.4450,-24.6173,5.2957,2.9991,3.8148,0.9045,-0.4991,0.8859
R,-24.3670,5.4937,3.1075,3.8440,0.8909,-0.4409,-24.4472,5.4769,3.1489,3.7162,0.8678,-0.5163,0.9097
L,-24.2095,5.6841,3.1946,3.7783,0.8689,-0.4367,-24.2618,5.6512,3.2790,3.6095,0.8333,-0.5239,1.1991
R,-24.0477,5.8713,3.2796,3.7113,0.8471,-0.4325,-24.0963,5.8156,3.3910,3.4966,0.8007,-0.5347,3.3262
L,-23.8818,6.0551,3.3624,3.6431,0.8254,-0.4282,-23.9240,5.9769,3.4814,3.3863,0.7716,-0.5371,0.0687
R,-23.7117,6.2354,3.4430,3.5738,0.8040,-0.4238,-23.7776,6.1563,3.4583,3.3323,0.7668,-0.5026,4.5660
L,-23.5377,6.4123,3.5215,3.5036,0.7828,-0.4193,-23.6102,6.3121,3.5285,3.2327,0.7417,-0.5029,0.1004
R,-23.3598,6.5856,3.5978,3.4324,0.7619,-0.4148,-23.4609,6.4811,3.5353,3.1728,0.7314,-0.4829,2.0281
L,-23.1781,6.7553,3.6718,3.3604,0.7411,-0.4103,-23.2348,6.7016,3.6896,3.1784,0.7111,-0.4776,4.3208
R,-22.9928,6.9215,3.7438,3.2877,0.7206,-0.4056,-23.0410,6.8420,3.7512,3.0643,0.6849,-0.4755,5.5983
L,-22.8040,7.0839,3.8135,3.2143,0.7003,-0.4009,-22.8262,7.0148,3.8632,3.0030,0.6608,-0.4751,1.0122
R,-22.6117,7.2427,3.8811,3.1404,0.6803,-0.3962,-22.6160,7.1515,3.9630,2.8845,0.6292,-0.4840,1.3641
L,-22.4161,7.3978,3.9465,3.0660,0.6605,-0.3913,-22.4302,7.2966,4.0127,2.7976,0.6088,-0.4807,0.3378
R,-22.2173,7.5492,4.0097,2.9912,0.6409,-0.3865,-22.2025,7.4288,4.1644,2.6707,0.5702,-0.5031,2.3882
L,-22.0154,7.6968,4.0709,2.9161,0.6216,-0.3815,-22.0209,7.5892,4.1968,2.6244,0.5588,-0.4908,2.1941
R,-21.8105,7.8406,4.1299,2.8407,0.6025,-0.3765,-21.8366,7.7518,4.1786,2.5995,0.5565,-0.4615,6.0807
L,-21.6026,7.9807,4.1868,2.7653,0.5837,-0.3714,-21.6279,7.8945,4.2380,2.5290,0.5380,-0.4572,0.1404
R,-21.3920,8.1170,4.2417,2.6897,0.5651,-0.3663,-21.4385,8.0251,4.2403,2.4549,0.5248,-0.4447,1.8712
L,-21.1787,8.2496,4.2945,2.6142,0.5468,-0.3611,-21.2129,8.0683,4.2958,2.2247,0.4778,-0.4678,4.0800
R,-20.9628,8.3783,4.3453,2.5387,0.5288,-0.3559,-21.0225,8.2116,4.2463,2.2071,0.4793,-0.4325,7.1108
L,-20.7444,8.5033,4.3941,2.4634,0.5110,-0.3506,-20.8416,8.3610,4.2558,2.1919,0.4756,-0.4164,3.5275
R,-20.5237,8.6246,4.4409,2.3883,0.4934,-0.3452,-20.6026,8.4740,4.3596,2.1005,0.4490,-0.4254,4.0508
L,-20.3006,8.7421,4.4858,2.3136,0.4762,-0.3398,-20.3518,8.6120,4.4537,2.0619,0.4336,-0.4192,1.4803
R,-20.0753,8.8558,4.5288,2.2392,0.4592,-0.3344,-20.1558,8.7338,4.4049,2.0289,0.4316,-0.3921,2.6716
L,-19.8480,8.9659,4.5700,2.1652,0.4425,-0.3288,-19.9543,8.8372,4.4175,1.9526,0.4162,-0.3886,0.6681
R,-19.6186,9.0723,4.6094,2.0918,0.4260,-0.3233,-19.7584,8.9476,4.3704,1.9137,0.4127,-0.3653,2.3086
L,-19.3873,9.1750,4.6469,2.0189,0.4099,-0.3177,-19.5334,9.0242,4.4096,1.8032,0.3882,-0.3710,0.3029
R,-19.1542,9.2741,4.6828,1.9467,0.3940,-0.3120,-19.2968,9.1292,4.4694,1.7470,0.3726,-0.3684,4.4403
L,-18.9193,9.3696,4.7169,1.8751,0.3784,-0.3063,-19.0087,9.2247,4.5909,1.6720,0.3493,-0.3718,5.8132
R,-18.6827,9.4615,4.7494,1.8043,0.3631,-0.3005,-18.7947,9.3058,4.5946,1.5901,0.3332,-0.3690,1.6964
L,-18.4446,9.5500,4.7803,1.7343,0.3480,-0.2947,-18.5375,9.4110,4.6656,1.5497,0.3207,-0.3630,0.9239
R,-18.2049,9.6349,4.8096,1.6651,0.3333,-0.2888,-18.2740,9.4486,4.7746,1.3700,0.2794,-0.3924,5.1278
L,-17.9639,9.7164,4.8374,1.5969,0.3189,-0.2829,-17.9816,9.5799,4.8883,1.3839,0.2759,-0.3765,3.7667
R,-17.7214,9.7946,4.8637,1.5296,0.3047,-0.2770,-17.7387,9.6659,4.8718,1.3477,0.2699,-0.3572,3.1627
L,-17.4777,9.8694,4.8886,1.4634,0.2909,-0.2710,-17.4622,9.7763,4.9487,1.3383,0.2641,-0.3454,1.4949
R,-17.2328,9.9409,4.9120,1.3982,0.2773,-0.2650,-17.2163,9.8514,4.9682,1.2730,0.2508,-0.3413,0.5341
L,-16.9868,10.0091,4.9342,1.3341,0.2641,-0.2589,-16.9427,9.9758,5.0348,1.3006,0.2528,-0.3233,1.9409
R,-16.7396,10.0743,4.9551,1.2711,0.2511,-0.2528,-16.6898,10.0420,5.0519,1.2278,0.2384,-0.3207,0.0784
L,-16.4915,10.1362,4.9747,1.2094,0.2385,-0.2466,-16.4402,10.1499,5.0748,1.2360,0.2389,-0.3055,1.7312
R,-16.2424,10.1952,4.9931,1.1488,0.2261,-0.2404,-16.1849,10.2181,5.1000,1.1712,0.2257,-0.3043,0.5628
L,-15.9924,10.2511,5.0104,1.0896,0.2141,-0.2342,-15.9477,10.2482,5.0869,1.0466,0.2029,-0.3115,0.4543
R,-15.7416,10.3041,5.0266,1.0316,0.2024,-0.2279,-15.7016,10.3112,5.0738,1.0025,0.1951,-0.3009,0.4305
L,-15.4899,10.3543,5.0417,0.9750,0.1910,-0.2216,-15.4783,10.3112,5.0346,0.8423,0.1658,-0.3145,1.4049
R,-15.2376,10.4016,5.0558,0.9197,0.1799,-0.2153,-15.1828,10.3401,5.1516,0.7102,0.1370,-0.3342,7.7802
L,-14.9846,10.4462,5.0689,0.8658,0.1692,-0.2089,-14.9218,10.3971,5.1737,0.6660,0.1280,-0.3270,0.3366
R,-14.7309,10.4882,5.0811,0.8134,0.1587,-0.2025,-14.6792,10.4292,5.1044,0.6213,0.1211,-0.3081,6.4678
L,-14.4766,10.5276,5.0924,0.7624,0.1486,-0.1960,-14.4343,10.4018,5.0831,0.4438,0.0871,-0.3256,1.9060
R,-14.2218,10.5645,5.1029,0.7129,0.1388,-0.1896,-14.1744,10.4265,5.0907,0.3740,0.0733,-0.3217,0.5759
L,-13.9665,10.5989,5.1126,0.6649,0.1293,-0.1831,-13.8708,10.5686,5.1976,0.5132,0.0984,-0.2824,8.4716
R,-13.7107,10.6310,5.1216,0.6185,0.1202,-0.1765,-13.6196,10.6231,5.1498,0.5315,0.1028,-0.2558,2.7205
L,-13.4545,10.6608,5.1298,0.5736,0.1114,-0.1700,-13.3664,10.6256,5.1450,0.4254,0.0825,-0.2629,0.3201
R,-13.1979,10.6884,5.1374,0.5303,0.1029,-0.1634,-13.1052,10.6511,5.1550,0.3699,0.0716,-0.2603,0.2297
L,-12.9409,10.7138,5.1444,0.4886,0.0947,-0.1568,-12.8488,10.7416,5.1743,0.4338,0.0836,-0.2370,4.6238
R,-12.6836,10.7373,5.1507,0.4485,0.0868,-0.1501,-12.5873,10.7893,5.1680,0.4389,0.0847,-0.2207,1.8570
L,-12.4260,10.7587,5.1565,0.4100,0.0793,-0.1435,-12.3487,10.7612,5.1335,0.2950,0.0574,-0.2360,1.3992
R,-12.1681,10.7783,5.1618,0.3732,0.0722,-0.1368,-12.0952,10.7948,5.1090,0.2933,0.0573,-0.2195,1.0595
L,-11.9100,10.7961,5.1666,0.3380,0.0653,-0.1301,-11.8460,10.8572,5.1142,0.3228,0.0630,-0.2041,2.5647
R,-11.6516,10.8121,5.1709,0.3045,0.0588,-0.1233,-11.5721,10.8777,5.1364,0.2887,0.0561,-0.1990,2.7282
L,-11.3930,10.8265,5.1748,0.2728,0.0527,-0.1166,-11.3398,10.8939,5.1047,0.2415,0.0473,-0.1983,0.8164
R,-11.1342,10.8394,5.1784,0.2427,0.0468,-0.1098,-11.0728,10.8402,5.1849,0.0022,0.0004,-0.2500,8.8410
L,-10.8753,10.8509,5.1815,0.2143,0.0413,-0.1031,-10.7805,10.8169,5.2259,-0.1012,-0.0194,-0.2564,2.6370
R,-10.6161,10.8609,5.1844,0.1877,0.0362,-0.0963,-10.5248,10.8134,5.2149,-0.1604,-0.0308,-0.2546,0.1746
L,-10.3569,10.8697,5.1869,0.1628,0.0314,-0.0895,-10.2904,10.8103,5.1766,-0.2154,-0.0416,-0.2531,1.0279
R,-10.0976,10.8772,5.1891,0.1396,0.0269,-0.0826,-10.0453,10.8566,5.1041,-0.1145,-0.0224,-0.2093,6.8945
L,-9.8381,10.8837,5.1911,0.1182,0.0228,-0.0758,-9.7844,10.9010,5.1244,-0.0790,-0.0154,-0.1930,2.3773
R,-9.5785,10.8891,5.1928,0.0986,0.0190,-0.0689,-9.5541,10.8831,5.0729,-0.1419,-0.0280,-0.1937,3.9412
L,-9.3189,10.8936,5.1943,0.0807,0.0155,-0.0621,-9.2927,10.9078,5.0914,-0.1344,-0.0264,-0.1832,0.9062
R,-9.0592,10.8972,5.1956,0.0646,0.0124,-0.0552,-9.0482,10.8888,5.0578,-0.1842,-0.0364,-0.1804,2.6493